,0
0x320646e7b37d5a31f5dcef9ccff9180eeb63b004,1.0
补充,1.0
分散,1.0
护照,1.0
知识,1.0
睡觉,1.0
睡前,1.0
分析,1.0
拖延,1.0
标签,1.0
信息,1.0
保号,1.0
爱尔兰,1.0
阅读,1.0
要点,1.0
材料,1.0
动态,1.0
dem,1.0
result,1.0
转化,1.0
上课,1.0
雅思考试,1.0
notion,1.0
展示,1.0
okr,1.0
untitled,1.0
annotation,1.0
定校,1.0
明天,0.859232616751494
分钟,0.8515878161597776
周报,0.8450853289081071
xmind,0.8450853289081071
词汇,0.8399853591139942
世界,0.835428130765088
一半,0.8340576562282991
卖掉,0.8315117333171191
自省,0.8283137991890807
开工,0.8232565390499933
离职,0.8232565390499933
贫穷,0.8208955318658138
marginnote,0.8084496008935365
适合,0.7950495615850405
宏观,0.792428342829267
出国,0.7808196658600809
方法,0.7760760056802155
习惯,0.7722285798095624
推荐人,0.7714782259579738
指数,0.7627808567577172
倒计时,0.7605071717051682
饮鸠止渴,0.7605071717051682
陈述,0.7605071717051682
辞职,0.7598847567186431
purpose,0.7559289460184544
雅思,0.7500570460886824
一大,0.7487193160702901
引入,0.7472150354752042
逃避,0.7472150354752042
冥想,0.7472150354752042
即时,0.7472150354752042
锻炼,0.7434363459260995
git,0.7385515030144025
式子,0.7385515030144025
双人,0.7303346082049851
api,0.7303346082049851
疯狂,0.7303346082049851
链接,0.7246637133255218
数据,0.7240578233133662
控制,0.7213973487703356
判断,0.7213973487703356
未知数,0.7192526704394895
设计,0.7148764165505537
思考,0.711470328665254
翻译,0.7071067811865476
居委会,0.7071067811865476
从句,0.7071067811865476
红猪,0.7071067811865476
id,0.7071067811865476
躲闪,0.7071067811865476
跑步机,0.7071067811865476
黄渡,0.7071067811865476
周生,0.7071067811865476
binance,0.7071067811865476
规整,0.7071067811865476
杂乱,0.7071067811865476
从段,0.7071067811865476
动画,0.7071067811865476
自信,0.7071067811865476
fake,0.7071067811865476
recover,0.7071067811865476
一步步,0.7071067811865476
如故,0.7071067811865476
cv,0.7071067811865475
商业,0.7071067811865475
政治立场,0.7071067811865475
nobility,0.7071067811865475
暴露,0.7071067811865475
精细化,0.7071067811865475
计划书,0.7071067811865475
时间,0.702716138585813
两个,0.6947485847885284
产物,0.6933092231091295
稳定,0.6925213824764768
喜欢,0.6893609553504109
注重,0.6891026792788328
理性,0.6830895695720078
申请,0.6830895695720078
游戏,0.6830895695720078
命题,0.679493135574802
highlight,0.6778310270112284
项目,0.6741970612477979
证明,0.6710995713035999
考试,0.6705788325815285
大脑,0.6688066981991501
本质,0.6674172601742205
有事,0.6664500427123669
情境,0.6655114002806378
平稳,0.6655114002806378
速记,0.664582343099626
一生,0.664582343099626
等价物,0.6644194955972473
听力,0.6613731379582332
ascii,0.6602686928696049
真题,0.6564792192911856
密度,0.6543900003708046
便签,0.6542089184892249
瑞士,0.6532410483261842
原因,0.6500578101266444
损失,0.6500199852196341
压制,0.6493295325064201
感觉,0.6493295325064201
局部,0.6477456994205578
表面,0.6448506854035642
渴望,0.644268737230209
压缩,0.6426045435276447
泛化,0.6426045435276447
还会,0.6375237894208806
简历,0.6375237894208806
并发,0.6375237894208806
变穷,0.6375237894208806
解放,0.6361273907274867
文笔,0.6361273907274866
丰满,0.6355817130416076
怀念,0.6355817130416076
工作,0.6353448044371706
弱读,0.6334809815590209
重读,0.6334809815590209
解决,0.630639384599029
代表,0.6301323011698325
pocket,0.6256145075129164
flomo,0.6256145075129164
排斥,0.6243725584647154
唯一,0.621438477875594
zhuanlan,0.619391806243779
zhihu,0.619391806243779
播放,0.6177615753245153
总论,0.6124650711705746
不写,0.6124650711705745
输入输出,0.6124650711705745
大事记,0.6124650711705745
态度,0.6124650711705745
文献,0.6120577864770395
显而易见,0.6108281010906577
动力,0.6108281010906577
足够,0.6108281010906577
纪源,0.6108281010906577
提示,0.6108281010906577
ggv,0.6108281010906577
艰难,0.610132595568347
量子,0.6085918561288586
因果性,0.6085918561288586
永远,0.6084811627976411
粗粒化,0.6079704657680113
掏粪,0.6064838560760237
哥德尔,0.6057678458336272
物理,0.6056915476085141
停滞,0.6053391264200335
人间,0.6053391264200335
缓慢,0.6053391264200335
奢侈,0.6053391264200335
疏导,0.6053391264200335
优于,0.6053391264200335
感动,0.6031355657828844
购买,0.603065325656435
sticky,0.6020341665461695
notes,0.6020341665461695
对抗性,0.6000001935634286
算命,0.5991014735676042
工作量,0.5985712361530288
常数,0.5985712361530288
汇报,0.5985712361530288
物理性质,0.5985712361530288
原始,0.5985712361530288
散步,0.5985712361530288
自由度,0.5985712361530288
绿色,0.5985712361530288
追问,0.5985712361530287
究其,0.5985712361530287
事物,0.5966067899567016
生存,0.5927489543394343
完整,0.5912921277995394
distribution,0.5897877666693818
内卷,0.5897877666693818
onion,0.5897877666693818
播客,0.5897877666693818
马列主义,0.5897877666693818
每分钟,0.5897877666693818
放慢,0.5897877666693818
歌词,0.5897877666693818
格式文件,0.5897877666693818
generalization,0.5897877666693818
vs,0.5897877666693818
图片,0.5897877666693818
变本加厉,0.5897877666693818
3wcwjjnuvjyazeza,0.5897877666693818
喜马拉雅,0.5897877666693818
rap,0.5897877666693818
输入,0.5894392740415513
积累,0.5894392740415513
学习,0.5885654108211607
安装,0.5867890698793472
ppa,0.5867890698793472
家庭,0.5867890698793472
对话,0.5867192225011518
弃用,0.5851437681494288
北欧,0.581000710497451
存活,0.5782745272412004
森林,0.5782745272412004
高分,0.5773502691896257
sample,0.5773502691896257
心脏病,0.5773502691896257
桌游,0.5773502691896257
德国,0.5773502691896257
毛主席,0.5773502691896257
口语,0.5773502691896257
借用,0.5773502691896257
一句,0.5773502691896257
fact,0.5773075037584755
规律,0.5759687708912222
时举,0.5750923253629465
项目管理,0.5730662390708731
扩展,0.572844963313545
冲突,0.5728449633135448
发财,0.5728449633135448
作者,0.5728449633135448
优秀,0.5728449633135448
只能,0.571787961296074
生命,0.5709705992190263
感知,0.5706736713711201
应有,0.5706736713711201
英语,0.5699672159931559
财富,0.5657796106453661
无关,0.5657796106453661
精力,0.5655706476935587
听到,0.5651412972153168
google,0.5640532833832713
voice,0.5640532833832713
java,0.5579938843215587
系统,0.5560354977599895
太强,0.5552124602434794
text,0.5545753945700466
liquid,0.5545753945700466
选取,0.5540341901503953
倒推,0.5540341901503953
简单,0.5523791129602371
呼吸,0.5516346441026755
http,0.5516346441026755
pdf,0.5516346441026755
马克思主义,0.5516346441026755
基金,0.5516346441026755
生成,0.5516346441026755
形形色色,0.5495997073565004
工具,0.5488624615136042
坏习惯,0.5487903709619584
困难,0.5487903709619584
能力,0.5461591192419399
食品,0.5454838319643954
例子,0.54473404942442
观点,0.5447340494244199
阿富汗,0.5447340494244199
平衡,0.5447340494244199
核心,0.5435207964846284
说完,0.5422504116209312
社会,0.5407793734966104
模仿,0.5398500276199323
要说,0.5398500276199323
10,0.5367336066410399
90,0.5367336066410399
格式,0.5359948250915985
笔记,0.5323766998098906
记录,0.5323766998098906
宇宙,0.5323766998098906
倒霉事,0.5314440408502564
清晰,0.5303735093358787
规程,0.5303735093358787
想要,0.528984120367908
星座,0.5284807277888384
风暴,0.5283608185890637
思路,0.5283608185890637
业务,0.5256136558134685
回音,0.5246394995849871
人类,0.5246287972883469
输出,0.5246287972883469
人脑,0.5244241348499585
自我,0.5241826413884044
语中,0.5222904187104119
源包,0.5222904187104119
跟着,0.5222904187104119
环境,0.5222904187104119
有意识,0.5222904187104119
普什图,0.5222904187104119
精力有限,0.5196001342604137
冲动,0.519295999707419
定理,0.5181953057709812
远点,0.5178502427009676
朱玥,0.5178502427009676
不幸,0.5178502427009676
知识分子,0.5164245539969653
代码,0.5164245539969653
癫狂,0.5164245539969653
提交,0.5164245539969653
勇敢,0.5164245539969653
失败,0.5164245539969653
摩擦,0.51375657911886
风景,0.5131554393389884
函数,0.5093309830119729
延续,0.5080132522226724
manner,0.5080132522226724
平台,0.5080132522226724
社交,0.5080132522226724
条件,0.5080132522226724
similarly,0.5080132522226724
comparison,0.5080132522226724
必需,0.5080132522226724
gab,0.5080132522226724
网是,0.506497960035444
因果,0.506497960035444
用户,0.5061152779895055
资本,0.5037638949309116
奖励,0.5037638949309116
管理,0.5030255661190203
独有,0.5025378909953901
多问,0.5020457250127657
特征,0.5
辨析,0.5
甘州,0.5
saxe,0.5
获罪,0.5
双胞胎,0.5
单词,0.5
问答,0.5
计算机,0.5
批判,0.5
指纹,0.5
iclr2018,0.5
因言,0.5
清除,0.5
区委,0.5
张掖市,0.5
音型,0.5
andrew,0.5
知乎,0.5
组织部,0.5
稳固,0.49973827911736607
奴工,0.49973827911736607
抽象,0.49868935032663364
合适,0.49694278398799474
memo,0.49694278398799474
分布,0.49630535638649514
文字,0.49606387008700403
深网,0.4940382855400071
论文,0.4932462512807555
分配,0.4921818508418016
统治者,0.4921818508418016
字符,0.49201533804973974
快餐,0.4905723522449285
浏览,0.4905723522449285
cnblogs,0.48860910699337523
sabre,0.48860910699337523
product,0.4886091069933752
zhanghao1688,0.4886091069933752
学生,0.4885036711944275
物业,0.48676048171981146
看作,0.48662743209761217
研究,0.48550417833749393
羊群,0.4848681464952723
一种,0.4833707959836867
做成,0.4830172668021667
愚蠢,0.4830172668021667
保存,0.4830172668021667
追求,0.4830172668021667
荒谬,0.4830172668021667
https,0.4823977412013222
深刻,0.48052188209680113
印象,0.48052188209680113
精听,0.4801493268264918
对外,0.47701034022112887
全天,0.47701034022112887
被删,0.47701034022112887
访问,0.47701034022112887
类比,0.47701034022112887
理智,0.47701034022112887
购买力,0.4753646039500985
likewise,0.4751500886019391
审查,0.4751500886019391
活动,0.4751500886019391
回头,0.47512619221470204
篇文章,0.47512619221470204
owing,0.475046736105185
due,0.475046736105185
account,0.475046736105185
解释,0.47429178397723193
自控力,0.4740466108206562
几遍,0.4729191174799005
熟悉,0.4729191174799005
音档,0.4729191174799005
抱团,0.4728212432579127
现实,0.4726729376771449
削减,0.47252918116776005
关系不大,0.47252918116776005
lay,0.47144525901181
手机号,0.47144525901181
整理,0.4699306814625904
头脑,0.4699306814625904
功能,0.46956859821735597
关注,0.46956859821735597
写下,0.46855122635262797
任何人,0.46855122635262797
浏览器,0.46855122635262797
bhe,0.46855122635262797
检查,0.46855122635262797
满足感,0.46855122635262797
小区,0.4652842868452811
塔利班,0.4645315923337958
长夜,0.4642280182536145
属实,0.4642280182536145
难熬,0.4642280182536145
睡眠,0.4642280182536145
微观,0.4641995716231743
相比,0.4632100296595964
剥削者,0.4632100296595964
不记,0.46295006075907846
导入,0.46295006075907846
微博,0.46295006075907846
整体,0.4609274860162932
东西,0.45943375766867944
催眠,0.4588502488308928
markdown,0.4588502488308928
依然,0.4588502488308928
发表,0.4588502488308928
尘埃落定,0.4588502488308928
草稿,0.4588502488308928
批注,0.4588374331082785
遗忘,0.458719225869461
tishby,0.458719225869461
领域,0.4585269268235473
得罪,0.4579691614142875
数学模型,0.452919845068763
lz,0.452919845068763
国产,0.452919845068763
支脉,0.452919845068763
支架,0.452919845068763
撑开,0.452919845068763
address,0.452919845068763
指向,0.452919845068763
冠状,0.452919845068763
上供,0.452919845068763
网状,0.452919845068763
usdt,0.452919845068763
工业,0.452919845068763
自指,0.452919845068763
没法,0.452919845068763
etc20,0.452919845068763
心脏,0.452919845068763
建模,0.452919845068763
跳过,0.452919845068763
tether,0.452919845068763
english,0.4504265236008331
寡而患,0.44982430965903913
不均,0.44982430965903913
不患,0.44982430965903913
签约,0.447213595499958
苟有,0.447213595499958
十日,0.447213595499958
一日,0.447213595499958
营业执照,0.447213595499958
无益,0.447213595499958
留学,0.447213595499958
必带,0.447213595499958
合同,0.447213595499958
五更,0.447213595499958
公开,0.446152741938245
有限,0.446152741938245
可测,0.44547856142031556
金字塔,0.44447343897620906
仔细,0.4443904786738991
一遍,0.4443904786738991
服务,0.4443461085213709
农场,0.44333184373287343
复苏,0.44333184373287343
小农经济,0.44333184373287343
某事,0.442996885650588
带来,0.4421463314375084
奢侈品,0.4419614671793056
中产,0.4419614671793056
选校,0.4417757949008971
详细,0.4417757949008971
被迫,0.44102414492618114
屈辱,0.44102414492618114
悲惨,0.44102414492618114
gmail,0.4409476634917366
eit,0.4409476634917366
back,0.4409476634917366
转移,0.4409476634917366
账户,0.4409476634917366
apikey,0.4407710392776641
zh,0.4407710392776641
混淆,0.4395106328737612
因子,0.4395106328737612
互联网,0.4394037938172557
原音,0.4393377940051009
一股脑儿,0.4393377940051009
束缚,0.4387230988088434
生活,0.43825993667479013
延迟,0.4382408445880744
历史记录,0.4382408445880744
根本无法,0.436412670790951
瓶颈,0.43507190594849554
复杂度,0.43507190594849554
准确度,0.43507190594849554
最优化,0.43507190594849554
www,0.4345750149138278
html,0.4345750149138278
qed,0.43425472249236463
惰性,0.4341238596362718
愉悦,0.4341238596362718
多媒体信息,0.4341238596362718
境界,0.43337294632122697
片段,0.43300201604097455
孩子,0.43297074325772683
奖学金,0.4297163455549061
荷兰,0.4297163455549061
真的,0.42916741922208124
阶段,0.42916741922208124
时事政治,0.4283433289798791
lowkey,0.42643158127013875
更强,0.42643158127013875
附加,0.4248337670910036
additionaly,0.4248337670910036
addition,0.4248337670910036
体系,0.4242589275325516
血管,0.42362065078505207
huobi,0.42362065078505207
错误,0.42362065078505207
自由,0.42321101855794385
轮回,0.42282706717073903
转世,0.42282706717073903
native,0.4224338587258885
就够,0.4224338587258885
听懂,0.4224338587258885
speaker,0.4224338587258885
生产,0.421658882645648
手段,0.421658882645648
intensification,0.421658882645648
event,0.421658882645648
幸福,0.421658882645648
truth,0.421658882645648
声音,0.42062014315801227
压力,0.42053309260805066
武装,0.4192017361298236
心理,0.4180874575114434
ube49d2f32a,0.41704292927278913
netzero,0.41704292927278913
uzziahwtsoflg,0.41704292927278913
tibdnf53360,0.41704292927278913
服从,0.41692931370229513
道尔,0.4157619510548236
过往,0.415547979307054
细节,0.415547979307054
中途,0.415547979307054
不确定性,0.415547979307054
起源,0.415547979307054
残忍,0.415547979307054
测量,0.415547979307054
命运,0.415547979307054
有迹可循,0.415547979307054
是从,0.415547979307054
可能性,0.41465289322295884
关心,0.41433960343813625
牺牲,0.41433960343813625
协议,0.41319750453546367
内容,0.4126940613676343
contrast,0.41257532508872624
第一遍,0.41257532508872624
contrary,0.41257532508872624
第一点,0.41257532508872624
原文,0.41257532508872624
perspective,0.41257532508872624
千万,0.41257532508872624
字幕,0.41257532508872624
hand,0.41257532508872624
转折,0.41257532508872624
cn,0.412257746130907
利润,0.41198475973204285
基因突变,0.4114589386542733
好坏,0.4114589386542733
突发事件,0.4114589386542733
驱动,0.4114589386542733
股价,0.41107887488715755
消除,0.41107887488715755
增长,0.41107887488715755
自动,0.41091721689221655
句子,0.41091721689221655
太久,0.40854560581982813
失衡,0.40854560581982813
强化,0.40854560581982813
单复数,0.408248290463863
期待,0.408248290463863
重视,0.408248290463863
值得,0.408248290463863
大小写,0.408248290463863
渐长,0.408248290463863
无所谓,0.408248290463863
年纪,0.408248290463863
缩写,0.408248290463863
体验,0.408248290463863
泪流满面,0.408248290463863
冠词,0.408248290463863
资源,0.40818131866851093
关键,0.407990583004388
支持,0.40732346635198025
信任,0.407315237295892
合伙人,0.407315237295892
结构,0.4072767657431009
政治,0.4072767657431009
找到,0.4061629671377475
证真,0.4061629671377475
回顾,0.4061623768352311
脑海,0.4061623768352311
things,0.4061623768352311
专注,0.40605580985976175
接收,0.4060405697447757
重夺,0.40601716176547625
主动权,0.40601716176547625
疲于奔命,0.40601716176547625
劳动,0.40568459365150783
培养,0.4053382326962541
底层,0.40345070200370603
复述,0.4022788435833545
确保,0.4022788435833545
西方,0.4003959214590821
转成,0.4002973177846174
字符串,0.4002973177846174
二度,0.3992441733525917
fawkes,0.39884590163084854
攻击,0.39884590163084854
法务,0.3975503129751554
财务,0.3975503129751554
人力资源,0.3975503129751554
小组,0.3975503129751554
time,0.3973514493789362
多媒体,0.39544373239783626
首选,0.39544373239783626
笔记本,0.39544373239783626
粗糙,0.39544373239783626
刺激,0.3943819468730243
case,0.3943819468730243
构建,0.3943819468730243
概念,0.3943819468730243
之物,0.39436828214239833
添置,0.39436828214239833
无用,0.39436828214239833
反衬,0.39436828214239833
表达,0.39400693812895654
清单,0.3929208848336682
文章,0.3925211742087054
虚度光阴,0.3922557359740405
确信,0.3922557359740405
恐惧,0.3922557359740405
理解,0.39184742932815275
一模一样,0.3907524965239004
对错,0.3905481139273965
橙汁,0.3905481139273965
椰汁,0.3905481139273965
net,0.39006459758242956
外部,0.38994648524582276
三者,0.38932348683583884
数据库,0.38932348683583884
整合,0.38932348683583884
point,0.38915149666617055
目标,0.38642490471639684
证伪,0.386231549519764
短期,0.38611515846846306
水星,0.3860582857772685
一点,0.38588600083400176
随机性,0.3849112660409691
梯度,0.3849112660409691
随机,0.3849112660409691
sgd,0.3849112660409691
下降,0.3849112660409691
同一个,0.38373498264507644
变奏,0.38373498264507644
母题,0.38373498264507644
导演,0.38373498264507644
作品,0.38373498264507644
围绕,0.38373498264507644
同花顺,0.3823138997517147
几百万,0.3823138997517147
空洞,0.3823138997517147
图谱,0.3823138997517147
三元组,0.3823138997517147
建议,0.3821950606433761
ip,0.3813904283788586
绑定,0.3813904283788586
好股,0.3813904283788586
全选,0.3813904283788586
修改,0.3813904283788586
权限,0.3813904283788586
个股,0.3813904283788586
创建,0.3813904283788586
day,0.3798879035058001
order,0.3779644730092272
mind,0.3779644730092272
end,0.3779644730092272
收藏,0.3775189848227243
成果,0.3774452940220193
列宁主义,0.3774452940220193
沟通,0.3762555943866101
正确,0.3762555943866101
对接,0.3762555943866101
解体,0.37449447770261773
手写,0.3734172356967219
或者说,0.3726140213368361
参与,0.3726140213368361
品牌,0.3718329504346804
ubuntu,0.37081754805107636
websiteforstudents,0.37081754805107636
oracle,0.37081754805107636
jdk,0.37081754805107636
install,0.37081754805107636
很准,0.37050192773518614
忽略,0.3695935395392097
上游,0.3692271302156493
良田,0.3692271302156493
大河,0.3692271302156493
灌溉,0.3692271302156493
溪流,0.3692271302156493
涓涓,0.3692271302156493
寻找,0.3688567638381624
有用,0.3688567638381624
留下,0.366949855057775
铲除,0.366949855057775
未来,0.36688087739291875
拼命,0.36688087739291875
遗憾,0.36688087739291875
消耗,0.36688087739291875
改变,0.3659566959412669
方式,0.36534965591650487
存档,0.3641383142181912
流放,0.3637290278043982
付出,0.36336554149519323
市场,0.3612929166393415
成年人,0.3611167119156749
压榨,0.36049147550577787
管控,0.36049147550577787
劳动者,0.36049147550577787
暴政,0.36049147550577787
依赖于,0.3600115181308034
冷静下来,0.35889679541763125
失控,0.35889679541763125
睡眠不足,0.35889679541763125
情绪,0.35889679541763125
问卷,0.3582629350157755
调查,0.3582629350157755
教会,0.3582629350157755
中文,0.3582629350157755
ps,0.3582629350157755
申再,0.3582629350157755
润色,0.3582629350157755
既定目标,0.3576621611266393
松懈,0.3576621611266393
作祟,0.3576621611266393
许可,0.3576621611266393
交易,0.356718441976224
办法,0.35474344541714586
完备,0.35474344541714586
总会,0.35474344541714586
晋级,0.3535533905932738
上别,0.3535533905932738
掉下来,0.3535533905932738
豪华,0.3535533905932738
iyideng,0.35306738801792076
number,0.35306738801792076
security,0.35306738801792076
note,0.35306738801792076
经济,0.35302851670164254
目的,0.35302851670164254
努力,0.34882080946027505
事情,0.34678598188730897
思维,0.3462691498713347
一条,0.3453419824554249
创业者,0.34471547506054273
摊平,0.34471547506054273
吸引力,0.34471547506054273
后台,0.34471547506054273
当钱,0.34471547506054273
撰写,0.3437987829060628
标志,0.3437987829060628
已知,0.3437987829060628
狄德罗,0.3437987829060628
人能,0.3437987829060628
多到,0.3437987829060628
百科全书,0.3437987829060628
承认,0.3437987829060628
因果关系,0.34352474289869295
激活,0.34318915518365845
架构,0.34318915518365845
组织,0.34087914234614547
越来越,0.340199549976708
进一步,0.3371714335746016
大部头,0.33667342589241667
学习者,0.33667342589241667
终身,0.33667342589241667
涨停板,0.33609069885474485
太难,0.33609069885474485
出力,0.33609069885474485
讨好,0.33609069885474485
吸收,0.3357700790088076
合法,0.335721992428144
界定,0.335721992428144
江西,0.335721992428144
过大,0.3356799126706499
倾向,0.3350151311743303
直觉,0.3350151311743303
一件,0.3350151311743303
注意力,0.3350151311743303
事会,0.3350151311743303
人才,0.3349630846213923
解渴,0.3349630846213923
创业,0.3349630846213923
招聘,0.3349630846213923
下功夫,0.3349630846213923
场景,0.3349630846213923
涨停,0.33456550379994043
制度,0.33456550379994043
a股,0.33456550379994043
更长,0.33456550379994043
战线,0.33456550379994043
这家,0.33456550379994043
道德,0.3345251463526668
权利,0.33111676030856974
何为,0.33111676030856974
剥夺,0.33111676030856974
界限,0.33111676030856974
有权,0.33111676030856974
独立思考,0.33111676030856974
千奇百怪,0.3309511174164689
都市,0.3309511174164689
充沛,0.3309511174164689
资金,0.3309511174164689
最不缺,0.3309511174164689
过分,0.3309511174164689
两样,0.3309511174164689
一级,0.3309511174164689
想造,0.3297790724006381
陶罐,0.3297790724006381
几千,0.3297790724006381
猛禽,0.3297790724006381
临期,0.3272902991786372
自建,0.32710445924461246
发送,0.32710445924461246
语音,0.32710445924461246
经典,0.32379172426311226
马尔可夫,0.32379172426311226
形式,0.32350511977835805
区别,0.3224159759629327
欲望,0.3223299332965015
网络,0.32098839307692845
改动,0.32074922953633894
图像,0.32074922953633894
识别,0.32074922953633894
国家,0.32036839524341587
因素,0.3192072722116839
新闻,0.31915745122682293
性质,0.3189351774676233
光环,0.3189351774676233
品质,0.3189351774676233
再烂,0.3185978999585685
大城市,0.3185978999585685
猜想,0.3185978999585685
发展,0.3185978999585685
不缺,0.3185978999585685
很难,0.3181091731223678
消耗掉,0.3161084632167123
资产,0.3161084632167123
生产力,0.3161084632167123
人群,0.3148941635730832
价值,0.31434913290238886
不当,0.31400427793945046
扬州,0.31400427793945046
处罚,0.31400427793945046
教师,0.31400427793945046
doge,0.3136494631005647
conversation,0.3136494631005647
sentences,0.3136494631005647
imagine,0.3136494631005647
用到,0.3136494631005647
团队,0.31299314849456816
微小,0.31299314849456816
ma,0.31299314849456816
添加,0.31299314849456816
其他人,0.31292260207419725
记不住,0.3088807876622576
太长会,0.3088807876622576
短短的,0.3088807876622576
一段话,0.3088807876622576
暂停,0.3088807876622576
appears,0.3086181288314916
suggests,0.3086181288314916
inference,0.3086181288314916
leads,0.3086181288314916
probable,0.3086181288314916
feasible,0.3086181288314916
个人观点,0.3086181288314916
一架,0.3084458029089881
战斗机,0.3084458029089881
漂亮,0.3084458029089881
change,0.30801082591907875
apps,0.30801082591907875
电子设备,0.30801082591907875
electronic,0.30801082591907875
设置,0.30801082591907875
英文,0.30801082591907875
language,0.30801082591907875
devices,0.30801082591907875
发布,0.3077073499676459
和谐,0.30728499067752885
压迫感,0.30676715689717354
拆解,0.30676715689717354
缓解,0.30676715689717354
降低,0.30676715689717354
赊账,0.30622012322889847
来到,0.30622012322889847
微信,0.3059442093531089
longman,0.3052955738437465
plains,0.3052955738437465
oshima,0.3052955738437465
source,0.3052955738437465
writing,0.3052955738437465
academic,0.3052955738437465
white,0.3052955738437465
hogue,0.3052955738437465
third,0.3052955738437465
edition,0.3052955738437465
训练,0.30523670168559597
选择,0.30523670168559597
人生,0.3050662977841735
父母,0.3050662977841735
经历,0.3050662977841735
现象,0.3042959280644293
神经症,0.30403303575661245
奥秘,0.30403303575661245
探索,0.30403303575661245
总理,0.30324192803801187
分工,0.30324192803801187
进不去,0.30324192803801187
病房,0.30324192803801187
反驳,0.30324192803801187
高干,0.30324192803801187
这是,0.30284577380425703
原声带,0.30211429530450196
发音,0.30211429530450196
说话,0.30211429530450196
高保真,0.30211429530450196
100,0.30211429530450196
承诺,0.30197773678793544
惩罚,0.30197773678793544
贯彻,0.30197773678793544
事项,0.30197773678793544
待办,0.30197773678793544
可有可无,0.30197773678793544
卷影,0.30005612630823686
复制,0.30005612630823686
获取,0.30005612630823686
恢复,0.30005612630823686
快照,0.30005612630823686
windows,0.30005612630823686
系统还原,0.30005612630823686
听从命令,0.29963557424068726
时期,0.29963557424068726
婴儿,0.29963557424068726
搁置,0.29963557424068726
符合,0.29963557424068726
调教,0.29963557424068726
反射,0.29963557424068726
最佳,0.29963557424068726
无意识,0.29963557424068726
测评,0.2995507367838021
八字,0.2995507367838021
文本,0.2995507367838021
无法忍受,0.298720140060543
过带,0.298720140060543
糟糕,0.298720140060543
却是,0.298720140060543
耳机,0.298720140060543
跟唱,0.298720140060543
自我陶醉,0.298720140060543
防疫,0.2985953142873753
言论,0.2985953142873753
放弃,0.2985953142873753
美好,0.2983033949783508
欺骗,0.2983033949783508
整数,0.29826909601437135
就行,0.29826909601437135
码下,0.29826909601437135
映到,0.29826909601437135
人工智能,0.2981656749760051
reward,0.2981656749760051
强大,0.2981656749760051
原则,0.2981656749760051
制定,0.2981656749760051
提前,0.2980343589745988
参考,0.2980343589745988
参考文献,0.2980343589745988
doccnvtkqbtyni4feehotryjf9f,0.2980343589745988
docs,0.2980343589745988
swarma,0.2980343589745988
词条,0.2980343589745988
feishu,0.2980343589745988
贫民窟,0.29798793580950106
需求,0.2979203322481195
利用,0.2973055585784664
美国,0.2958857139825718
成本,0.29565953968344205
劳作,0.29565953968344205
金钱,0.29565953968344205
回落,0.29493600481898663
所调,0.29493600481898663
耳边,0.29493600481898663
完后,0.29493600481898663
留有,0.29493600481898663
长期投资,0.29386268342047983
实证,0.29386268342047983
融和,0.29386268342047983
利率,0.29386268342047983
理念,0.293050443277488
民科,0.293050443277488
包装,0.293050443277488
粉饰,0.293050443277488
自称,0.293050443277488
理想主义者,0.293050443277488
期间,0.29274575336040165
模型,0.29274575336040165
博弈论,0.2926469256363268
独家,0.2926469256363268
分类,0.2926469256363268
半公开,0.2926469256363268
固定,0.2924820658725623
奴隶制,0.2924820658725623
软件,0.288085735136803
语言,0.288085735136803
矛盾,0.2874068538717496
番茄,0.2869225185408495
导出,0.28633052447793705
归纳,0.28633052447793705
网页,0.28633052447793705
中篇,0.28633052447793705
牙膏,0.28548529960951313
卫生纸,0.28548529960951313
猪排,0.28548529960951313
员工,0.28548529960951313
消失,0.28548529960951313
只会,0.2853316872885042
明白,0.2853316872885042
效应,0.28366491234150476
医院,0.2836253352539092
不到,0.28156906190928427
成正比,0.2800985522398968
贫困,0.2800985522398968
创造财富,0.2800985522398968
想一想,0.27939605983888166
原声,0.27939605983888166
有没有,0.27939605983888166
合规,0.27897419364235204
想象,0.2789637322631607
最大化,0.2788774628674598
变化,0.278379997892256
平均,0.27717463403654913
知识库,0.27717463403654913
口诀,0.27701781909145157
公式化,0.27701781909145157
行业,0.2750239930314821
头部,0.2750239930314821
本场,0.2750239930314821
机构,0.2750239930314821
玩家,0.2750239930314821
坐序,0.2750239930314821
毒辣,0.2750239930314821
分明,0.2750239930314821
高维,0.2750239930314821
打法,0.2750239930314821
股票,0.274852830025864
记为,0.27463494035184577
物质,0.2740931333561019
区域,0.2735615240464467
影响,0.27277350671772116
终于,0.2711252058104656
途径,0.2711252058104656
一会儿,0.2711252058104656
区分,0.2711252058104656
轻松,0.2711252058104656
这句,0.2711252058104656
语调,0.2711252058104656
降调,0.2711252058104656
竞争,0.2704107622169588
彭德怀,0.2687177319972577
收集,0.2686476489153801
mp,0.2686476489153801
机制,0.2685827537595207
最终,0.2685827537595207
毁掉,0.26612279350814744
小时,0.26612279350814744
两天,0.26612279350814744
持之以恒,0.26612279350814744
等于零,0.26612279350814744
可悲,0.26612279350814744
兴起,0.26612279350814744
星期,0.26612279350814744
再学,0.26612279350814744
八个,0.26612279350814744
不学,0.26612279350814744
道理,0.26612279350814744
情况,0.26568540672663166
相关,0.26519225858646506
业余时间,0.263893868311796
创造性,0.263893868311796
友谊,0.263893868311796
浪漫,0.263893868311796
节日,0.263893868311796
盛宴,0.263893868311796
彼此间,0.263893868311796
养育,0.263893868311796
冒险,0.263893868311796
中心,0.263893868311796
write,0.26377408109130923
head,0.26377408109130923
脑海中,0.26377408109130923
尝试,0.26377408109130923
describe,0.26377408109130923
lists,0.26377408109130923
孵化器,0.26280682790673426
重磅,0.26280682790673426
红杉,0.26280682790673426
sequoia,0.26280682790673426
生态,0.26280682790673426
value,0.26280682790673426
近一,0.26280682790673426
运营,0.26280682790673426
富裕,0.26197909470229
意义,0.2619212309724122
公司,0.26175579388031517
回到,0.2615683507927879
资质,0.2615683507927879
名额有限,0.2615683507927879
小区业主,0.2615683507927879
委员会,0.2615683507927879
过度,0.2606166826431119
耐心,0.2606166826431119
简单化,0.2606166826431119
沉溺,0.2606166826431119
缺乏,0.2606166826431119
营养,0.2606166826431119
变得,0.26046901843084297
物业费,0.2602133318543034
供需,0.2602133318543034
平等,0.2602133318543034
instance,0.2594343311107804
sum,0.2594343311107804
put,0.2594343311107804
更新,0.25928318384972027
过滤,0.25928318384972027
章节,0.25928318384972027
进度,0.25928318384972027
本章,0.25928318384972027
付费,0.25928318384972027
订阅,0.25928318384972027
垃圾,0.25928318384972027
中文网,0.25928318384972027
刀片,0.25928318384972027
科研,0.25928318384972027
起点,0.25928318384972027
学术,0.25928318384972027
paper,0.25928318384972027
数学,0.2590976528854906
自然,0.2590976528854906
混战,0.2572328065947563
投资,0.2572328065947563
低效率,0.25687828955943
用笔,0.25687828955943
代入,0.2568689215693337
利益,0.2558322059051215
频率,0.25420050741631284
rarely,0.25420050741631284
times,0.25420050741631284
cases,0.25420050741631284
previously,0.25420050741631284
frequently,0.25420050741631284
顺序,0.25420050741631284
main,0.25420050741631284
rule,0.25420050741631284
商品,0.25391417507321423
当作,0.25305763899475275
源码,0.25305763899475275
供给,0.25305763899475275
建立,0.25305763899475275
优化,0.25305763899475275
产品,0.25305763899475275
想到,0.25020166428476925
心流,0.25020166428476925
模式,0.25020166428476925
朴素,0.25020166428476925
加工,0.25020166428476925
抓住,0.25020166428476925
火花,0.25020166428476925
二次,0.25020166428476925
ei,0.24815267819324757
矩阵,0.24815267819324757
状态,0.24815267819324757
修正,0.24815267819324757
eff,0.24815267819324757
哲学,0.24682268496196183
描述,0.246710646726387
计算,0.24652256578140538
期有,0.2459520744493514
名目,0.2459520744493514
收到,0.2459520744493514
下层,0.2459520744493514
不让,0.2459520744493514
动摇,0.2459520744493514
富人,0.2459520744493514
房产税,0.2459520744493514
一项,0.24580596474350466
正式,0.24580596474350466
审核,0.24464760419316775
业主,0.24464760419316775
议价,0.24464760419316775
优质服务,0.24464760419316775
假设,0.2442637306407794
房价,0.24338024085990573
定义域,0.24331371604880608
集合,0.24331371604880608
值域,0.24331371604880608
过程,0.24026094104840057
地方,0.2391512779213694
划分,0.23776399104992885
执行,0.23776399104992885
复盘,0.23776399104992885
准确,0.23776399104992885
安排,0.23776399104992885
规划,0.23776399104992885
无数个,0.23776399104992885
解决问题,0.23776399104992885
finally,0.2377563835058719
本国货币,0.23768230197504925
差别,0.23768230197504925
货币,0.23768230197504925
真实,0.23768230197504925
外国,0.23768230197504925
竞争力,0.23768230197504925
流通,0.2366874467618229
搬运,0.23553171391246325
教授,0.23553171391246325
系统性,0.23553171391246325
不看,0.23553171391246325
提供,0.23369117270457257
认知,0.23179571793768933
简化,0.23164409972506061
公理,0.23164409972506061
希尔伯特,0.23164409972506061
图灵,0.23164409972506061
停机问题,0.23164409972506061
自然数,0.23164409972506061
可预测性,0.23164409972506061
提出,0.23164409972506061
关系,0.23143697273103409
疑惑,0.23009353638414132
神经,0.23005072030377766
编码,0.23005072030377766
结论,0.23005072030377766
地以,0.23005072030377766
构造,0.23005072030377766
潜在,0.23005072030377766
测试,0.23005072030377766
被动,0.23005072030377766
头上,0.2300415381983306
感悟,0.22898458070714375
太穷,0.22804611967533364
高昂,0.22804611967533364
指导,0.22804611967533364
做些,0.22804611967533364
星球,0.22804611967533364
打倒,0.22804611967533364
回答,0.22804611967533364
太忙,0.22804611967533364
代价,0.22804611967533364
陈洁,0.22694770667714756
延伸,0.22694770667714756
占卜师,0.22694770667714756
笼统,0.22694770667714756
一般性,0.22694770667714756
神秘,0.22694770667714756
人格,0.22694770667714756
心理学,0.22694770667714756
巴纳,0.22694770667714756
效果,0.22694770667714756
类产品,0.22694770667714756
企业,0.22507261053096533
中国,0.2243874102088435
人员素质,0.22409765084471156
办公室,0.22409765084471156
发展壮大,0.22409765084471156
几十年,0.22409765084471156
设备,0.22409765084471156
设立,0.22409765084471156
方略,0.22409765084471156
很大,0.22409765084471156
和平谈判,0.22409765084471156
政策,0.22409765084471156
海外,0.22409765084471156
迷信,0.22350197768965535
稳赚,0.22350197768965535
累积,0.22350197768965535
顺手,0.22350197768965535
生意,0.22350197768965535
智商,0.22350197768965535
多种,0.22350197768965535
一门,0.22350197768965535
以此,0.22238313847018654
发现,0.22238313847018654
评估,0.22238313847018654
国际,0.22230673382720326
多大,0.22230673382720326
脑子,0.22029526640186903
是因为,0.21932555783357904
换位,0.21892919765755195
行政,0.21892919765755195
不羁,0.21892919765755195
无情,0.21892919765755195
人员,0.21892919765755195
取代,0.21892919765755195
激情,0.21892919765755195
迟早会,0.21892919765755195
安逸,0.21892919765755195
说服,0.21892919765755195
质疑,0.21892919765755195
竞争者,0.21892919765755195
抛弃,0.21892919765755195
不幸者,0.21892919765755195
扼杀,0.21892919765755195
良心,0.21892919765755195
数字,0.2188022795834797
国内,0.21819353278575815
消费,0.21819353278575815
而感,0.21716327455270146
情字,0.21716327455270146
剧中,0.21716327455270146
天盛,0.21716327455270146
美满,0.21716327455270146
长歌观,0.21716327455270146
叨扰,0.21716327455270146
我之念,0.21716327455270146
故人,0.21716327455270146
我之思,0.21716327455270146
毕之时,0.21716327455270146
仿佛,0.21716327455270146
众生,0.21716327455270146
悲苦,0.21716327455270146
多情,0.21716327455270146
宣之于,0.21716327455270146
记于,0.21716327455270146
踟蹰,0.21716327455270146
已然,0.21716327455270146
半点,0.21716327455270146
逻辑,0.21665914034115583
投票,0.21497418559780612
新冠,0.21497418559780612
答主,0.21417166448993954
从来不,0.21417166448993954
机会,0.21329391210756946
道教,0.21141353358536952
佛教,0.21141353358536952
信仰,0.21141353358536952
包括,0.21139759461536275
收取,0.2090437287557217
长期,0.20852697022431793
通俗文学,0.20851441405707477
塑造,0.20851441405707477
文学,0.20851441405707477
坏人,0.20851441405707477
好人,0.20851441405707477
人物,0.20851441405707477
严肃,0.20851441405707477
艺术,0.20846465685114757
动机,0.20846465685114757
小说,0.20846465685114757
绑架,0.20846465685114757
公平合理,0.20846465685114757
放下,0.20846465685114757
休止,0.20846465685114757
权益,0.20846465685114757
机器,0.20846465685114757
产权,0.20846465685114757
这台,0.20846465685114757
某良,0.20513823331176395
今日,0.20513823331176395
观察,0.20513823331176395
头条,0.20513823331176395
无线,0.20513823331176395
不算,0.20513823331176395
分享,0.2047667599406272
进口,0.20407868491997608
讨论,0.20366173317599012
奏效,0.203657618647946
赢得,0.203657618647946
挑战,0.203657618647946
不论是,0.203657618647946
真话,0.203657618647946
前提,0.203657618647946
极致,0.203657618647946
idg,0.203657618647946
同事,0.203657618647946
职位,0.203657618647946
博主,0.20185011208810238
听听,0.20184818500933122
刷刷,0.20184818500933122
文艺,0.20184818500933122
音乐,0.20184818500933122
美文,0.20184818500933122
voa,0.20184818500933122
听歌,0.20184818500933122
美剧,0.20184818500933122
时政,0.20184818500933122
bbc,0.20184818500933122
政务,0.20019796072954105
没人,0.20019796072954105
有生之年,0.20019796072954105
服务提供商,0.20019796072954105
传统意义,0.20019796072954105
转发,0.20019796072954105
交税,0.20019796072954105
2d1pii,0.20019796072954105
民主,0.20019796072954105
主权国家,0.20019796072954105
即友,0.20019796072954105
政府,0.20019796072954105
发生,0.19931523699437453
粉丝,0.19878543788392564
假象,0.19806361587486118
对此,0.19806361587486118
久而久之,0.19806361587486118
制造,0.19806361587486118
大众,0.19806361587486118
事实上,0.19806361587486118
发声,0.19806361587486118
偏差,0.19806361587486118
幸存者,0.19806361587486118
本土,0.1977372810162573
永不,0.1949791658777026
运动,0.1949791658777026
相对论,0.19302914288863424
黑洞,0.19302914288863424
感谢,0.19302914288863424
数学方法,0.19302914288863424
广义,0.19302914288863424
异常,0.19302914288863424
轨迹,0.19302914288863424
误差,0.19302914288863424
wifi,0.19302914288863424
健康,0.192289710524912
职业,0.192289710524912
自我意识,0.192289710524912
精神,0.192289710524912
银行,0.192289710524912
自决,0.192289710524912
总统,0.19010027796570605
认同,0.18525096386759307
奴隶,0.1834749275288875
传统,0.1834749275288875
贩子,0.1834749275288875
宣传,0.1834749275288875
挤进,0.1834749275288875
工厂,0.1834749275288875
回报,0.1834749275288875
薪水,0.1834749275288875
被征服者,0.1834749275288875
名牌,0.1834749275288875
生态系统,0.1834749275288875
早期,0.1834749275288875
部落,0.1834749275288875
微薄,0.1834749275288875
资本主义,0.1834749275288875
沮丧,0.1818645139021991
门槛,0.1818645139021991
残酷,0.1818645139021991
发挥,0.1818645139021991
影响力,0.1818645139021991
令人,0.1818645139021991
为啥,0.1805421688213936
清冽,0.18047451343341864
身上,0.18047451343341864
空气,0.18047451343341864
狂风,0.18047451343341864
渐渐,0.18047451343341864
揉捏,0.18047451343341864
身体,0.18047451343341864
轻轻,0.18047451343341864
之外,0.17985057002628232
逃离,0.170099774988354
最低,0.170099774988354
爱意,0.16226845458765038
辛苦,0.16226845458765038
磨破,0.16226845458765038
代代相传,0.16226845458765038
手指头,0.16226845458765038
舒服,0.16226845458765038
感恩,0.16226845458765038
将来,0.16226845458765038
能过,0.16226845458765038
当初,0.16226845458765038
最多,0.16226845458765038
舍不得,0.16226845458765038
能少点,0.16226845458765038
成年,0.16226845458765038
负责,0.16226845458765038
幻想,0.16226845458765038
生涯,0.16226845458765038
视为,0.16226845458765038
收入,0.16226845458765038
综合,0.16162271549842414
有缺,0.16162271549842414
吃吃喝喝,0.16162271549842414
小胡子,0.16162271549842414
局限性,0.16162271549842414
同志,0.16162271549842414
素质,0.16162271549842414
犯错,0.16162271549842414
头羊,0.16162271549842414
圈养,0.16162271549842414
提高,0.16162271549842414
无私,0.16162271549842414
恶魔,0.16162271549842414
肯定,0.16162271549842414
神圣,0.16162271549842414
感到,0.16162271549842414
出圈入,0.16162271549842414
大豆,0.1612306391983546
不考,0.1612306391983546
考研,0.1612306391983546
玉米,0.1612306391983546
shadowing,0.15957872561341147
魔鬼,0.15957872561341147
初学,0.15957872561341147
常速,0.15957872561341147
进阶,0.15957872561341147
慢速,0.15957872561341147
盛世,0.15364249533876442
历史,0.15364249533876442
惯性,0.15364249533876442
诉求,0.15364249533876442
创造,0.1517713765089469
享受,0.1517713765089469
也许,0.15116741000981096
这件,0.15116741000981096
事件,0.15116741000981096
工人,0.14624103293628116
幽灵,0.14624103293628116
消亡,0.14624103293628116
不用,0.14624103293628116
供养,0.14624103293628116
不用说,0.14624103293628116
古代,0.14624103293628116
人民,0.14624103293628116
一批,0.14624103293628116
条约,0.14624103293628116
大部分,0.14624103293628116
喀布尔,0.1425752084742795
基地,0.1425752084742795
年代,0.13858731701827456
并用,0.13858731701827456
科学家,0.13858731701827456
这一,0.13858731701827456
托马斯,0.13858731701827456
速度,0.13858731701827456
字节,0.13858731701827456
估计,0.13858731701827456
容量,0.13858731701827456
数量,0.13858731701827456
词汇量,0.13858731701827456
始终,0.13858731701827456
1g,0.13858731701827456
中习,0.13858731701827456
推断,0.13858731701827456
寿命,0.13858731701827456
测算,0.13858731701827456
储存,0.13858731701827456
世纪,0.13858731701827456
记忆,0.13858731701827456
恒定,0.13858731701827456
基尼系数,0.13856564205754465
流量,0.13856564205754465
西南财大,0.13856564205754465
监管,0.13856564205754465
流动性,0.13856564205754465
劳动力,0.13678076202322334
previous,0.1297171655553902
attention,0.1297171655553902
essay,0.1297171655553902
begin,0.1297171655553902
sth,0.1297171655553902
turn,0.1297171655553902
place,0.1297171655553902
people,0.1297171655553902
argument,0.1297171655553902
re,0.1297171655553902
return,0.1297171655553902
illustrate,0.1297171655553902
emphasizing,0.1297171655553902
words,0.1297171655553902
direct,0.1297171655553902
consequence,0.1297171655553902
worth,0.1297171655553902
amounts,0.1297171655553902
considered,0.1297171655553902
connection,0.1297171655553902
summarizing,0.1297171655553902
referring,0.1297171655553902
listing,0.1297171655553902
thirdly,0.1297171655553902
firstly,0.1297171655553902
short,0.1297171655553902
resume,0.1297171655553902
resuming,0.1297171655553902
noting,0.1297171655553902
stating,0.1297171655553902
respect,0.1297171655553902
illustrating,0.1297171655553902
conclusion,0.1297171655553902
文化,0.11820531081447817
暴力,0.11820531081447817
地理位置,0.11820531081447817
融合,0.11820531081447817
血缘,0.11820531081447817
先是,0.11820531081447817
集团,0.11820531081447817
意味着,0.11820531081447817
类似,0.11820531081447817
东盟,0.11820531081447817
向外,0.11820531081447817
兼并,0.11820531081447817
欧盟,0.11820531081447817
小型,0.1105586589739212
战争,0.1105586589739212
统一,0.1105586589739212
城市,0.1105586589739212
崛起,0.10909676639287907
运输,0.10909676639287907
大幅度,0.10909676639287907
保质期,0.10909676639287907
去年,0.10909676639287907
延误,0.10909676639287907
产业,0.10909676639287907
进口商,0.10909676639287907
通关,0.10909676639287907
首次,0.10909676639287907
种种,0.10909676639287907
风险投资,0.10909676639287907
效率,0.10909676639287907
创新,0.10909676639287907
拿到,0.10909676639287907
大批量,0.10909676639287907
法国,0.10909676639287907
热潮,0.10909676639287907
延长,0.10909676639287907
倒霉,0.10748709279890306
无神论,0.10748709279890306
大灰狼,0.10748709279890306
老师,0.10748709279890306
不好,0.10748709279890306
铁矿,0.10748709279890306
不想,0.10748709279890306
打预防针,0.10748709279890306
打赢,0.10748709279890306
狮子,0.10748709279890306
一派,0.10748709279890306
拘留,0.10748709279890306
小绵羊,0.10748709279890306
读者,0.10748709279890306
怕疼,0.10748709279890306
宗教,0.10570676679268476
太深,0.10570676679268476
面临,0.10570676679268476
发生冲突,0.10570676679268476
只修,0.10570676679268476
不知,0.10570676679268476
宗派,0.10570676679268476
回避,0.10570676679268476
基督教,0.10570676679268476
崇祖,0.10570676679268476
刻意,0.10570676679268476
前人,0.10570676679268476
崇尚,0.10570676679268476
长生,0.10570676679268476
原本,0.10570676679268476
民间,0.10570676679268476
标的,0.10570676679268476
一世,0.10570676679268476
印度教,0.10570676679268476
伊斯兰教,0.10570676679268476
文明,0.10570676679268476
祖宗,0.10570676679268476
烧钱,0.10570676679268476
敬天,0.10570676679268476
解释性,0.10570676679268476
账号,0.10256911665588198
可不可以,0.10256911665588198
深感,0.10256911665588198
消息,0.10256911665588198
我市,0.10256911665588198
截图,0.10256911665588198
行政拘留,0.10256911665588198
不良,0.10256911665588198
网帖,0.10256911665588198
删除,0.10256911665588198
网传,0.10256911665588198
仅仅,0.10256911665588198
此前,0.10256911665588198
网民,0.10256911665588198
试验,0.10256911665588198
借鉴,0.10256911665588198
评论,0.10256911665588198
全国,0.10256911665588198
公众,0.10256911665588198
一名,0.10256911665588198
公安局,0.10256911665588198
共存,0.10256911665588198
显示,0.10256911665588198
依法,0.10256911665588198
十五天,0.10256911665588198
对张,0.10256911665588198
处置,0.10256911665588198
后悔,0.10256911665588198
面积,0.10256911665588198
予以,0.10256911665588198
后期,0.10256911665588198
留言,0.10256911665588198
主动,0.10256911665588198
致歉,0.10256911665588198
用户名,0.10256911665588198
人口,0.10256911665588198
丰城,0.10256911665588198
最早,0.10203934245998804
程序,0.10203934245998804
病毒,0.1005337979737929
小哥,0.09651457144431712
引力,0.09651457144431712
百年,0.09651457144431712
送到,0.09651457144431712
盖饭,0.09651457144431712
天文学家,0.09651457144431712
霍金的,0.09651457144431712
在线,0.09651457144431712
无线连接,0.09651457144431712
斯蒂芬,0.09651457144431712
霍金,0.09651457144431712
导航,0.09651457144431712
欧洲,0.09651457144431712
研究者,0.09651457144431712
下载,0.09651457144431712
一份,0.09651457144431712
打车,0.09651457144431712
难题,0.09651457144431712
柬埔寨,0.09651457144431712
一套,0.09651457144431712
高精度,0.09651457144431712
伊拉克,0.09651457144431712
深空,0.09651457144431712
爱因斯坦,0.09651457144431712
手机,0.09651457144431712
三里屯,0.09651457144431712
现实生活,0.09651457144431712
琢磨,0.09651457144431712
gps,0.09651457144431712
轨道,0.09651457144431712
观测,0.09651457144431712
点餐,0.09651457144431712
鱼香肉丝,0.09651457144431712
外卖,0.09651457144431712
微妙,0.09651457144431712
疫情,0.09593396363900977
英军,0.09505013898285303
分子,0.09505013898285303
撤出,0.09505013898285303
士兵,0.09505013898285303
北约,0.09505013898285303
撤军,0.09505013898285303
美军,0.09505013898285303
丧生,0.09505013898285303
袭击,0.09505013898285303
结束,0.09505013898285303
拉登,0.09505013898285303
发动,0.09505013898285303
为首,0.09505013898285303
宪法,0.09505013898285303
最初,0.0902710844106968
电影,0.0902710844106968
北京,0.0902710844106968
记得,0.09023725671670932
那颗,0.09023725671670932
金色,0.09023725671670932
这辈子,0.09023725671670932
麦丽素,0.09023725671670932
身子,0.09023725671670932
酒店,0.09023725671670932
趴在,0.09023725671670932
那场,0.09023725671670932
那片,0.09023725671670932
舌头,0.09023725671670932
诱惑,0.09023725671670932
闲着,0.09023725671670932
脱掉,0.09023725671670932
贴着,0.09023725671670932
急智,0.09023725671670932
背着,0.09023725671670932
希望,0.09023725671670932
床上,0.09023725671670932
往下,0.09023725671670932
怀里,0.09023725671670932
慢悠悠,0.09023725671670932
我会,0.09023725671670932
我能,0.09023725671670932
抚摩,0.09023725671670932
揽住,0.09023725671670932
摩挲,0.09023725671670932
摸索,0.09023725671670932
山坡,0.09023725671670932
梦里,0.09023725671670932
水管,0.09023725671670932
水豆腐,0.09023725671670932
沉重,0.09023725671670932
沐浴露,0.09023725671670932
没见,0.09023725671670932
洁白,0.09023725671670932
洒下来,0.09023725671670932
洗漱,0.09023725671670932
洗澡,0.09023725671670932
活在,0.09023725671670932
涂完,0.09023725671670932
毛巾,0.09023725671670932
消防员,0.09023725671670932
胸前,0.09023725671670932
太阳,0.09023725671670932
naderioknight2021,0.09023725671670932
一团,0.09023725671670932
一块,0.09023725671670932
一头,0.09023725671670932
上衣,0.09023725671670932
两只,0.09023725671670932
中指,0.09023725671670932
丰腴,0.09023725671670932
乳房,0.09023725671670932
体香,0.09023725671670932
俯下,0.09023725671670932
娇嗔,0.09023725671670932
充实,0.09023725671670932
再混,0.09023725671670932
升腾,0.09023725671670932
卷起,0.09023725671670932
双手,0.09023725671670932
台上,0.09023725671670932
呼出来,0.09023725671670932
咽下去,0.09023725671670932
坐在,0.09023725671670932
塞进,0.09023725671670932
壮成,0.09023725671670932
大火,0.09023725671670932
内裤,0.09023725671670932
深色,0.09023725671670932
鼻子,0.09023725671670932
确切,0.09023725671670932
耳朵,0.09023725671670932
环绕着,0.09023725671670932
白色,0.09023725671670932
灵魂,0.09023725671670932
肌肤,0.09023725671670932
用力,0.09023725671670932
北方,0.08439984653263896
像是,0.08439984653263896
充满,0.08439984653263896
体现,0.08439984653263896
盛行,0.07682124766938221
作用,0.07682124766938221
推动,0.07682124766938221
交流,0.07682124766938221
无序,0.07682124766938221
二战,0.07682124766938221
陷入,0.07682124766938221
拒绝,0.07682124766938221
时代,0.07682124766938221
抵抗,0.07682124766938221
内部,0.07682124766938221
之间,0.07682124766938221
放大,0.07682124766938221
保守,0.07682124766938221
程度,0.07682124766938221
分久必合,0.07682124766938221
组合成,0.07682124766938221
混乱,0.07682124766938221
转换,0.07682124766938221
转向,0.07682124766938221
合久必分,0.07682124766938221
姿态,0.07682124766938221
管束,0.07682124766938221
军阀,0.07682124766938221
完卵,0.07682124766938221
小团体,0.07682124766938221
单边,0.07682124766938221
常说,0.07682124766938221
年内,0.07682124766938221
得不到,0.07682124766938221
意识形态,0.07682124766938221
分崩离析,0.07682124766938221
封闭,0.07682124766938221
中央政府,0.07682124766938221
多边,0.07682124766938221
有序,0.07682124766938221
覆巢之下,0.07682124766938221
裹挟,0.07682124766938221
民族,0.07682124766938221
歌舞升平,0.07682124766938221
民族主义,0.07682124766938221
靠拢,0.07682124766938221
两极化,0.07682124766938221
洪流,0.07682124766938221
两种,0.07682124766938221
三国,0.07682124766938221
激化,0.07682124766938221
桃花源,0.07682124766938221
微信里,0.06928282102877233
造富,0.06928282102877233
猫眼,0.06928282102877233
物种,0.06928282102877233
开心,0.06928282102877233
经济效益,0.06928282102877233
创造者,0.06928282102877233
理所应当,0.06928282102877233
贫富差距,0.06928282102877233
层面,0.06928282102877233
煤气,0.06928282102877233
经济学,0.06928282102877233
电力,0.06928282102877233
双边,0.06928282102877233
身份,0.06928282102877233
宽容,0.06928282102877233
反托拉斯法,0.06928282102877233
高估,0.06928282102877233
名为,0.06928282102877233
后果,0.06928282102877233
灵活,0.06928282102877233
终究,0.06928282102877233
大相径庭,0.06928282102877233
80,0.06928282102877233
单一,0.06928282102877233
谢尔曼,0.06928282102877233
基础设施,0.06928282102877233
享有,0.06928282102877233
正是如此,0.06928282102877233
敏感性,0.06928282102877233
低估,0.06928282102877233
供水,0.06928282102877233
旅游,0.06928282102877233
殊不知,0.06928282102877233
美团,0.06928282102877233
过快,0.06928282102877233
免于,0.06928282102877233
次数,0.06928282102877233
统计局,0.06928282102877233
面对,0.06928282102877233
铸币,0.06928282102877233
腾讯,0.06928282102877233
打工,0.06928282102877233
那种,0.06480094447611788
规模,0.06480094447611788
超过,0.06480094447611788
告诉,0.05374354639945153
反对,0.05374354639945153
临床医学,0.05374354639945153
肖秀荣,0.05374354639945153
发大财,0.05374354639945153
坚强,0.05374354639945153
司机,0.05374354639945153
能治,0.05374354639945153
绊子,0.05374354639945153
隐瞒,0.05374354639945153
严防死守,0.05374354639945153
近代史,0.05374354639945153
高谈阔论,0.05374354639945153
考纲,0.05374354639945153
啥病,0.05374354639945153
考赢,0.05374354639945153
一分钱,0.05374354639945153
出租车,0.05374354639945153
厉害,0.05374354639945153
脊梁,0.05374354639945153
冷库,0.05374354639945153
出题,0.05374354639945153
冤枉,0.05374354639945153
预判,0.05374354639945153
领导,0.05374354639945153
重点,0.05374354639945153
鄙视,0.05374354639945153
上台,0.05374354639945153
别国,0.05374354639945153
制裁,0.05374354639945153
前女友,0.05374354639945153
医术,0.05374354639945153
医科大学,0.05374354639945153
半死不活,0.05374354639945153
下滑,0.05374354639945153
信神,0.05374354639945153
不动,0.05374354639945153
逝世,0.05374354639945153
闷声,0.05374354639945153
出身,0.05374354639945153
原材料,0.05374354639945153
不香,0.05374354639945153
逃生,0.05374354639945153
经得起,0.05374354639945153
中共十一届三中全会,0.05374354639945153
衣食住行,0.05374354639945153
嫡系,0.05374354639945153
没事,0.05374354639945153
小羊,0.05374354639945153
画画,0.05374354639945153
工资,0.05374354639945153
死里,0.05374354639945153
武汉,0.05374354639945153
干嘛,0.05374354639945153
检验,0.05374354639945153
平反昭雪,0.05374354639945153
幸福快乐,0.05374354639945153
李哥,0.05374354639945153
有神论,0.05374354639945153
训诫,0.05374354639945153
晚年,0.05374354639945153
日语系,0.05374354639945153
律师证,0.05374354639945153
讽刺,0.05374354639945153
恢复名誉,0.05374354639945153
无利可图,0.05374354639945153
我家,0.05374354639945153
教育,0.05374354639945153
打嘴炮,0.05374354639945153
打架,0.05374354639945153
抗美援朝,0.05374354639945153
折磨,0.05374354639945153
破事,0.05374354639945153
摧残,0.05374354639945153
富强,0.05374354639945153
学医,0.05374354639945153
推荐,0.05374354639945153
粮食,0.05374354639945153
涨价,0.05374354639945153
浪费,0.05374354639945153
姥爷,0.05374354639945153
大哥,0.05374354639945153
姥姥,0.05374354639945153
浪费时间,0.05374354639945153
十年,0.05026689898689645
选举,0.05026689898689645
伊斯兰,0.047525069491426514
helmand,0.047525069491426514
karzai,0.047525069491426514
爆炸,0.047525069491426514
数千名,0.047525069491426514
五角大楼,0.047525069491426514
kunduz,0.047525069491426514
日期,0.047525069491426514
laden,0.047525069491426514
设施,0.047525069491426514
hamid,0.047525069491426514
消灭,0.047525069491426514
阿伯,0.047525069491426514
攻入,0.047525069491426514
被劫持,0.047525069491426514
防空,0.047525069491426514
作战,0.047525069491426514
盟军,0.047525069491426514
barack,0.047525069491426514
al,0.047525069491426514
abbottabad,0.047525069491426514
摧毁,0.047525069491426514
盟国,0.047525069491426514
bin,0.047525069491426514
时任,0.047525069491426514
有史以来,0.047525069491426514
mohammed,0.047525069491426514
一系列,0.047525069491426514
藏身,0.047525069491426514
万人,0.047525069491426514
颁布,0.047525069491426514
飞机,0.047525069491426514
民航,0.047525069491426514
联盟,0.047525069491426514
海军,0.047525069491426514
死讯,0.047525069491426514
保密,0.047525069491426514
世贸中心,0.047525069491426514
联军,0.047525069491426514
qaeda,0.047525069491426514
两年,0.047525069491426514
osama,0.047525069491426514
首都,0.047525069491426514
首领,0.047525069491426514
omar,0.047525069491426514
盘踞,0.047525069491426514
两架,0.047525069491426514
obama,0.047525069491426514
海豹,0.047525069491426514
议会,0.047525069491426514
一处,0.047525069491426514
最高峰,0.047525069491426514
昆都士,0.047525069491426514
计划,0.047525069491426514
大厦,0.047525069491426514
偏远地区,0.047525069491426514
周年,0.047525069491426514
奥巴马,0.047525069491426514
奥马尔,0.047525069491426514
同意,0.047525069491426514
签署,0.047525069491426514
自杀式,0.047525069491426514
头目,0.047525069491426514
迹象,0.047525069491426514
客机,0.047525069491426514
宾夕法尼亚,0.047525069491426514
导致,0.047525069491426514
逃往,0.047525069491426514
去世,0.047525069491426514
第一位,0.047525069491426514
追捕,0.047525069491426514
和平,0.047525069491426514
终结,0.047525069491426514
哈米德,0.047525069491426514
多处,0.047525069491426514
多国联军,0.047525069491426514
多哈,0.047525069491426514
纽约,0.047525069491426514
增派,0.047525069491426514
大幅,0.047525069491426514
大楼,0.047525069491426514
坠毁,0.047525069491426514
纪念日,0.047525069491426514
大院,0.047525069491426514
轰炸,0.047525069491426514
坎大哈,0.047525069491426514
坍塌,0.047525069491426514
这为,0.047525069491426514
四架,0.047525069491426514
巴基斯坦,0.047525069491426514
美国中情局,0.047525069491426514
卷入,0.047525069491426514
卡塔尔,0.047525069491426514
创始人,0.047525069491426514
重建,0.047525069491426514
穆罕默德,0.047525069491426514
成员,0.047525069491426514
击毙,0.047525069491426514
谈判,0.047525069491426514
恐怖袭击,0.047525069491426514
截止,0.047525069491426514
大会,0.047525069491426514
批准,0.047525069491426514
铺平,0.047525069491426514
抵达,0.047525069491426514
担任,0.047525069491426514
据点,0.047525069491426514
扎伊,0.047525069491426514
空袭,0.047525069491426514
部队,0.047525069491426514
到来,0.047525069491426514
南部,0.047525069491426514
巴德,0.047525069491426514
赫尔曼德,0.047525069491426514
舰队,0.047525069491426514
华盛顿,0.047525069491426514
突袭,0.047525069491426514
道路,0.047525069491426514
贾拉拉巴德,0.047525069491426514
当年,0.047525069491426514
遵守,0.047525069491426514
前往,0.047525069491426514
当日,0.047525069491426514
突击队,0.047525069491426514
很快,0.047525069491426514
部族,0.047525069491426514
卡尔,0.047525069491426514
统治,0.047525069491426514
